Comment,Designator,Footprint,LCSC,Quantity
100K,R3,R_0603_1608Metric,C25803,1
100nF,C1,C_0603_1608Metric,C14663,1
10K,"R14,R5",R_0603,C25804,2
10pF,C3,C_0603_1608Metric,C1634,1
1M,R1,R_0603_1608Metric,C22935,1
1uH,L1,L_1008_2520Metric,C5832356,1
2.2uF,C6,C_0603_1608Metric,C23630,1
22uF,"C2,C4,C5",C_0603_1608Metric,C59461,3
316K,R2,R_0603_1608Metric,C25814,1
33R,"R4,R6,R7,R8,R9",R_0603,C23140,5
470R,"R10,R11,R12,R13",R_0603_1608Metric,C23179,4
CH32V003F4P6,U1,TSSOP-20_4.4x6.5mm_P0.65mm,C5187096,1
SI2302S,Q1,SOT-23-3_L2.9-W1.3-P1.90-LS2.4-BR,C22463594,1
SK6812MINI-E,"D1,D2,D3",LED_SK6812MINI-E_3.2x2.8mm_P1.5mm_ReverseMount,C5149201,3
TPD4E05U06DQAR_C22390021,D4,DFN2510-10_L2.5-W1.0-P0.50-BL,C22390021,1
TPS61021ADSGR,U2,WSON-8_L2.0-W2.0-P0.50-TL-EP,C193037,1
