Designator,Val,Package,Mid X,Mid Y,Rotation,Layer
C1,100nF,C_0603_1608Metric,120.661,-79.259,270.0,bottom
C2,22uF,C_0603_1608Metric,168.91,-104.902,90.0,bottom
C3,10pF,C_0603_1608Metric,178.816,-105.918,90.0,bottom
C4,22uF,C_0603_1608Metric,175.768,-108.966,270.0,bottom
C5,22uF,C_0603_1608Metric,177.292,-108.966,270.0,bottom
C6,2.2uF,C_0603_1608Metric,165.1,-78.74,270.0,bottom
D1,SK6812MINI-E,LED_SK6812MINI-E_3.2x2.8mm_P1.5mm_ReverseMount,148.59,-104.14,90.0,bottom
D2,SK6812MINI-E,LED_SK6812MINI-E_3.2x2.8mm_P1.5mm_ReverseMount,155.956,-108.458,90.0,bottom
D3,SK6812MINI-E,LED_SK6812MINI-E_3.2x2.8mm_P1.5mm_ReverseMount,109.913318,-116.943022,90.0,bottom
D4,TPD4E05U06DQAR_C22390021,DFN2510-10_L2.5-W1.0-P0.50-BL,161.602001,-81.026,270.0,bottom
L1,1uH,L_1008_2520Metric,169.926,-107.95,180.0,bottom
Q1,SI2302S,SOT-23-3_L2.9-W1.3-P1.90-LS2.4-BR,114.3,-123.952,180.0,bottom
R1,1M,R_0603_1608Metric,179.07,-114.046,270.0,bottom
R10,470R,R_0603_1608Metric,165.1,-74.93,90.0,bottom
R11,470R,R_0603_1608Metric,109.843095,-86.358719,180.0,bottom
R12,470R,R_0603_1608Metric,104.902,-94.996,180.0,bottom
R13,470R,R_0603_1608Metric,117.602,-90.932,180.0,bottom
R14,10K,R_0603,179.89,-82.55,0.0,bottom
R2,316K,R_0603_1608Metric,177.292,-105.918,90.0,bottom
R3,100K,R_0603_1608Metric,175.768,-105.918,90.0,bottom
R4,33R,R_0603,145.288,-104.14,270.0,bottom
R5,10K,R_0603,179.89,-83.82,0.0,bottom
R6,33R,R_0603,159.062001,-78.74,0.0,bottom
R7,33R,R_0603,159.062001,-80.01,180.0,bottom
R8,33R,R_0603,159.062001,-82.042,180.0,bottom
R9,33R,R_0603,159.073975,-83.312,180.0,bottom
U1,CH32V003F4P6,TSSOP-20_4.4x6.5mm_P0.65mm,115.835,-77.481,270.0,bottom
U2,TPS61021ADSGR,WSON-8_L2.0-W2.0-P0.50-TL-EP,173.415962,-107.235064,0.0,bottom
